Sample,Multi_BC,Multi_BC_#,Plate,Morphotype,Area,AR
A2,CCTTGGCACCCGAGAATTCCACCACAATGAAAAAAAAAAAAAAAAAAAAAAAAAAAAAA,A2,3,round,91158,1.10
A3,CCTTGGCACCCGAGAATTCCATGAGACCTAAAAAAAAAAAAAAAAAAAAAAAAAAAAAA,A3,3,round,85418,1.06
A4,CCTTGGCACCCGAGAATTCCAGCACACGCAAAAAAAAAAAAAAAAAAAAAAAAAAAAAA,A4,3,round,93200,1.08
A5,CCTTGGCACCCGAGAATTCCAAGAGAGAGAAAAAAAAAAAAAAAAAAAAAAAAAAAAAA,A5,3,round,80276,1.03
A6,CCTTGGCACCCGAGAATTCCATCACAGCAAAAAAAAAAAAAAAAAAAAAAAAAAAAAAA,A6,3,round,87347,1.05
A7,CCTTGGCACCCGAGAATTCCAGAAAAGGGAAAAAAAAAAAAAAAAAAAAAAAAAAAAAA,A7,3,round,84473,1.04
B2,CCTTGGCACCCGAGAATTCCATGACCGATAAAAAAAAAAAAAAAAAAAAAAAAAAAAAA,B2,3,round,81509,1.05
B3,CCTTGGCACCCGAGAATTCCAGCAACGCCAAAAAAAAAAAAAAAAAAAAAAAAAAAAAA,B3,3,round,89737,1.09
B4,CCTTGGCACCCGAGAATTCCACAATCGGTAAAAAAAAAAAAAAAAAAAAAAAAAAAAAA,B4,3,round,88058,1.05
B5,CCTTGGCACCCGAGAATTCCAATAGCGTCAAAAAAAAAAAAAAAAAAAAAAAAAAAAAA,B5,3,round,83082,1.01
B6,CCTTGGCACCCGAGAATTCCAGAATCTCGAAAAAAAAAAAAAAAAAAAAAAAAAAAAAA,B6,3,round,79316,1.09
B7,CCTTGGCACCCGAGAATTCCACTAGCTGAAAAAAAAAAAAAAAAAAAAAAAAAAAAAAA,B7,3,round,86061,1.03
C2,CCTTGGCACCCGAGAATTCCAACATGCGTAAAAAAAAAAAAAAAAAAAAAAAAAAAAAA,C2,3,round,84564,1.04
C3,CCTTGGCACCCGAGAATTCCATAAGGCTCAAAAAAAAAAAAAAAAAAAAAAAAAAAAAA,C3,3,round,88885,1.03
C4,CCTTGGCACCCGAGAATTCCAGGAAGGAAAAAAAAAAAAAAAAAAAAAAAAAAAAAAAA,C4,3,round,82998,1.11
C5,CCTTGGCACCCGAGAATTCCACCATGGCGAAAAAAAAAAAAAAAAAAAAAAAAAAAAAA,C5,3,round,88050,1.04
C6,CCTTGGCACCCGAGAATTCCAAAAGGGGAAAAAAAAAAAAAAAAAAAAAAAAAAAAAAA,C6,3,round,84481,1.02
C7,CCTTGGCACCCGAGAATTCCATTACGGTGAAAAAAAAAAAAAAAAAAAAAAAAAAAAAA,C7,3,round,76179,1.06
D2,CCTTGGCACCCGAGAATTCCAGAACTCTGAAAAAAAAAAAAAAAAAAAAAAAAAAAAAA,D2,3,round,80578,1.03
D3,CCTTGGCACCCGAGAATTCCACGATTGACAAAAAAAAAAAAAAAAAAAAAAAAAAAAAA,D3,3,round,84125,1.06
D4,CCTTGGCACCCGAGAATTCCAACAGTGCTAAAAAAAAAAAAAAAAAAAAAAAAAAAAAA,D4,3,round,84012,1.02
D5,CCTTGGCACCCGAGAATTCCATAACTGGCAAAAAAAAAAAAAAAAAAAAAAAAAAAAAA,D5,3,round,91053,1.04
D6,CCTTGGCACCCGAGAATTCCACCAGTTAGAAAAAAAAAAAAAAAAAAAAAAAAAAAAAA,D6,3,round,84677,1.07
D7,CCTTGGCACCCGAGAATTCCAGGCTAACTAAAAAAAAAAAAAAAAAAAAAAAAAAAAAA,D7,3,round,89532,1.04
E2,CCTTGGCACCCGAGAATTCCACTCAAGGTAAAAAAAAAAAAAAAAAAAAAAAAAAAAAA,E2,3,round,81925,1.07
E3,CCTTGGCACCCGAGAATTCCAAGCTAGTCAAAAAAAAAAAAAAAAAAAAAAAAAAAAAA,E3,3,round,84919,1.02
E4,CCTTGGCACCCGAGAATTCCAGTCAATCGAAAAAAAAAAAAAAAAAAAAAAAAAAAAAA,E4,3,round,79951,1.09
E5,CCTTGGCACCCGAGAATTCCACGCTATGAAAAAAAAAAAAAAAAAAAAAAAAAAAAAAA,E5,3,round,85086,1.05
E6,CCTTGGCACCCGAGAATTCCAACCGATTGAAAAAAAAAAAAAAAAAAAAAAAAAAAAAA,E6,3,round,86175,1.02
E7,CCTTGGCACCCGAGAATTCCAGTCTCAAGAAAAAAAAAAAAAAAAAAAAAAAAAAAAAA,E7,3,round,85343,1.05
F2,CCTTGGCACCCGAGAATTCCACACACGCGAAAAAAAAAAAAAAAAAAAAAAAAAAAAAA,F2,3,round,86757,1.11
F3,CCTTGGCACCCGAGAATTCCAATCTCGGAAAAAAAAAAAAAAAAAAAAAAAAAAAAAAA,F3,3,round,86840,1.02
F4,CCTTGGCACCCGAGAATTCCATGCGCGTGAAAAAAAAAAAAAAAAAAAAAAAAAAAAAA,F4,3,round,81168,1.02
F5,CCTTGGCACCCGAGAATTCCAGACACTACAAAAAAAAAAAAAAAAAAAAAAAAAAAAAA,F5,3,round,87302,1.07
F6,CCTTGGCACCCGAGAATTCCACTCTCTCTAAAAAAAAAAAAAAAAAAAAAAAAAAAAAA,F6,3,round,83861,1.05
F7,CCTTGGCACCCGAGAATTCCAAGCGCTGCAAAAAAAAAAAAAAAAAAAAAAAAAAAAAA,F7,3,round,94153,1.06
G2,CCTTGGCACCCGAGAATTCCAACCAGCCGAAAAAAAAAAAAAAAAAAAAAAAAAAAAAA,G2,3,round,86311,1.02
G3,CCTTGGCACCCGAGAATTCCATACTGCGAAAAAAAAAAAAAAAAAAAAAAAAAAAAAAA,G3,3,round,81108,1.04
G4,CCTTGGCACCCGAGAATTCCAGTCGGCTGAAAAAAAAAAAAAAAAAAAAAAAAAAAAAA,G4,3,round,83104,1.04
G5,CCTTGGCACCCGAGAATTCCACCCAGGACAAAAAAAAAAAAAAAAAAAAAAAAAAAAAA,G5,3,round,86288,1.04
G6,CCTTGGCACCCGAGAATTCCAAACTGGCTAAAAAAAAAAAAAAAAAAAAAAAAAAAAAA,G6,3,round,79119,1.06
G7,CCTTGGCACCCGAGAATTCCATTCGGGGCAAAAAAAAAAAAAAAAAAAAAAAAAAAAAA,G7,3,round,86311,1.12
H2,CCTTGGCACCCGAGAATTCCAGCCTTAGAAAAAAAAAAAAAAAAAAAAAAAAAAAAAAA,H2,3,round,90629,1.07
H3,CCTTGGCACCCGAGAATTCCACACGTATGAAAAAAAAAAAAAAAAAAAAAAAAAAAAAA,H3,3,round,88572,1.12
H4,CCTTGGCACCCGAGAATTCCAAGCATCACAAAAAAAAAAAAAAAAAAAAAAAAAAAAAA,H4,3,round,87309,1.09
H5,CCTTGGCACCCGAGAATTCCATCCTTCCTAAAAAAAAAAAAAAAAAAAAAAAAAAAAAA,H5,3,round,78930,1.04
H6,CCTTGGCACCCGAGAATTCCAGACGTCGCAAAAAAAAAAAAAAAAAAAAAAAAAAAAAA,H6,3,round,89101,1.02
H7,CCTTGGCACCCGAGAATTCCACTCCTCTTAAAAAAAAAAAAAAAAAAAAAAAAAAAAAA,H7,3,round,80397,1.05
